id,outcome
3,0
5,0
8,0
9,0
12,0
13,0
15,0
20,0
21,0
22,0
24,0
25,0
29,0
32,0
39,0
41,0
42,0
43,0
44,0
45,0
50,0
51,0
54,0
55,0
57,0
58,0
59,0
64,0
65,0
66,0
67,0
69,0
70,0
73,0
74,0
81,0
83,0
85,0
88,0
91,0
92,0
95,0
96,0
100,0
103,0
104,0
106,0
107,0
108,0
109,0
110,0
112,0
113,0
116,0
119,0
120,0
121,0
122,0
123,0
126,0
127,0
135,0
141,0
167,0
169,0
170,0
171,0
173,0
177,0
178,0
179,0
180,0
183,0
186,0
194,0
195,0
197,0
199,0
204,0
205,0
206,0
208,0
209,0
211,0
214,0
216,0
218,0
219,0
221,0
224,0
228,0
230,0
232,0
233,0
234,0
242,0
243,0
245,0
250,0
252,0
253,0
263,0
264,0
266,0
267,0
268,0
270,0
273,0
274,0
276,0
284,0
285,0
286,0
290,0
292,0
293,0
294,0
298,0
299,0
304,0
306,0
316,0
317,0
322,0
323,0
325,0
327,0
330,0
333,0
341,0
351,0
352,0
358,0
359,0
360,0
364,0
370,0
371,0
374,0
375,0
378,0
381,0
382,0
384,0
400,0
404,0
406,0
412,0
414,0
420,0
421,0
423,0
425,0
433,0
436,0
440,0
441,0
442,0
443,0
444,0
445,0
446,0
447,0
448,0
449,0
451,0
453,0
455,0
458,0
460,0
463,0
466,0
468,0
470,0
471,0
473,0
479,0
482,0
486,0
487,0
491,0
503,0
504,0
506,0
513,0
515,0
516,0
523,0
525,0
528,0
529,0
530,0
533,0
534,0
539,0
542,0
543,0
544,0
546,0
548,0
551,0
554,0
555,0
561,0
567,0
575,0
576,0
578,0
580,0
581,0
586,0
588,0
592,0
594,0
600,0
604,0
621,0
622,0
625,0
630,0
633,0
635,0
637,0
644,0
649,0
651,0
654,0
657,0
659,0
662,0
665,0
666,0
671,0
674,0
676,0
682,0
687,0
691,0
692,0
698,0
702,0
706,0
708,0
711,0
712,0
715,0
720,0
721,0
724,0
728,0
732,0
741,0
742,0
744,0
747,0
753,0
754,0
756,0
760,0
765,0
773,0
774,0
784,0
785,0
786,0
788,0
790,0
791,0
795,0
797,0
798,0
800,0
803,0
806,0
807,0
809,0
810,0
816,0
818,0
821,0
822,0
828,0
829,0
830,0
833,0
837,0
838,0
839,0
851,0
856,0
859,0
860,0
865,0
870,0
872,0
874,0
878,0
885,0
886,0
888,0
891,0
892,0
893,0
894,0
896,0
899,0
901,0
903,0
905,0
907,0
908,0
917,0
918,0
923,0
926,0
927,0
928,0
931,0
932,0
934,0
935,0
940,0
944,0
945,0
946,0
948,0
949,0
950,0
952,0
953,0
954,0
955,0
956,0
958,0
962,0
964,0
965,0
971,0
975,0
977,0
978,0
984,0
987,0
995,0
996,0
1000,0
1002,0
1005,0
1008,0
1010,0
1012,0
1013,0
1016,0
1017,0
1018,0
1019,0
1022,0
1028,0
1029,0
1033,0
1034,0
1035,0
1039,0
1048,0
1049,0
1051,0
1052,0
1055,0
1057,0
1063,0
1065,0
1067,0
1069,0
1071,0
1073,0
1077,0
1078,0
1079,0
1087,0
1092,0
1093,0
1098,0
1099,0
1102,0
1105,0
1108,0
1112,0
1116,0
1119,0
1127,0
1137,0
1139,0
1140,0
1142,0
1150,0
1156,0
1159,0
1164,0
1166,0
1168,0
1172,0
1174,0
1175,0
1176,0
1177,0
1178,0
1179,0
1180,0
1183,0
1185,0
1187,0
1188,0
1189,0
1195,0
1199,0
1203,0
1206,0
1207,0
1210,0
1211,0
1212,0
1213,0
1214,0
1215,0
1216,0
1218,0
1224,0
1229,0
1230,0
1232,0
1239,0
1242,0
1243,0
1244,0
1248,0
1249,0
1251,0
1252,0
1253,0
1255,0
1256,0
1258,0
1260,0
1263,0
1264,0
1265,0
1268,0
1270,0
1271,0
1276,0
1278,0
1280,0
1286,0
1287,0
1291,0
1293,0
1303,0
1312,0
1316,0
1320,0
1323,0
1326,0
1328,0
1329,0
1332,0
1334,0
1335,0
1339,0
1345,0
1351,0
1358,0
1359,0
1360,0
1362,0
1363,0
1367,0
1375,0
1376,0
1379,0
1381,0
1382,0
1386,0
1389,0
1391,0
1392,0
1394,0
1395,0
1397,0
1398,0
1402,0
1403,0
1405,0
1407,0
1410,0
1411,0
1412,0
1414,0
1415,0
1416,0
1417,0
1419,0
1420,0
1421,0
1424,0
1425,0
1426,0
1431,0
1433,0
1435,0
1436,0
1437,0
1438,0
1440,0
1443,0
1448,0
1451,0
1452,0
1453,0
1454,0
1456,0
1458,0
1469,0
1471,0
1476,0
1480,0
1481,0
1483,0
1486,0
1487,0
1489,0
1490,0
1493,0
1494,0
1503,0
1504,0
1505,0
1511,0
1516,0
1517,0
1523,0
1526,0
1529,0
1531,0
1532,0
1533,0
1537,0
1540,0
1542,0
1543,0
1545,0
1549,0
1557,0
1558,0
1566,0
1570,0
1572,0
1574,0
1576,0
1578,0
1580,0
1582,0
1584,0
1586,0
1591,0
1594,0
1597,0
1598,0
1600,0
1607,0
1611,0
1618,0
1620,0
1629,0
1637,0
1643,0
1651,0
1655,0
1659,0
1662,0
1663,0
1665,0
1667,0
1671,0
1672,0
1673,0
1683,0
1689,0
1692,0
1699,0
1704,0
1705,0
1708,0
1710,0
1713,0
1715,0
1716,0
1719,0
1720,0
1724,0
1725,0
1726,0
1728,0
1730,0
1734,0
1736,0
1738,0
1739,0
1740,0
1747,0
1748,0
1750,0
1751,0
1753,0
1754,0
1756,0
1758,0
1761,0
1763,0
1764,0
1768,0
1770,0
1775,0
1777,0
1778,0
1795,0
1796,0
1799,0
1800,0
1808,0
1812,0
1815,0
1816,0
1817,0
1819,0
1820,0
1821,0
1822,0
1826,0
1827,0
1834,0
1836,0
1838,0
1839,0
1842,0
1843,0
1847,0
1850,0
1853,0
1854,0
1859,0
1860,0
1863,0
1864,0
1865,0
1873,0
1874,0
1875,0
1879,0
1880,0
1881,0
1888,0
1889,0
1891,0
1896,0
1897,0
1902,0
1908,0
1919,0
1920,0
1922,0
1926,0
1930,0
1933,0
1934,0
1935,0
1938,0
1943,0
1944,0
1947,0
1949,0
1951,0
1952,0
1955,0
1956,0
1957,0
1958,0
1965,0
1968,0
1971,0
1976,0
1978,0
1979,0
1982,0
1987,0
1988,0
1990,0
2000,0
2002,0
2010,0
2012,0
2013,0
2018,0
2021,0
2026,0
2027,0
2032,0
2033,0
2039,0
2041,0
2042,0
2048,0
2049,0
2050,0
2054,0
2057,0
2058,0
2059,0
2060,0
2065,0
2067,0
2069,0
2070,0
2073,0
2075,0
2079,0
2081,0
2084,0
2085,0
2086,0
2087,0
2089,0
2094,0
2096,0
2098,0
2102,0
2105,0
2108,0
2109,0
2110,0
2113,0
2119,0
2121,0
2125,0
2126,0
2130,0
2131,0
2141,0
2142,0
2143,0
2144,0
2146,0
2148,0
2150,0
2151,0
2155,0
2156,0
2158,0
2166,0
2173,0
2185,0
2194,0
2196,0
2210,0
2214,0
2219,0
2221,0
2227,0
2230,0
2231,0
2232,0
2235,0
2240,0
2244,0
2252,0
2254,0
2257,0
2259,0
2260,0
2262,0
2263,0
2270,0
2274,0
2276,0
2287,0
2289,0
2291,0
2298,0
2303,0
2306,0
2309,0
2310,0
2312,0
2314,0
2324,0
2326,0
2327,0
2330,0
2331,0
2332,0
2335,0
2336,0
2338,0
2339,0
2340,0
2345,0
2348,0
2350,0
2351,0
2353,0
2354,0
2359,0
2361,0
2363,0
2368,0
2371,0
2375,0
2376,0
2378,0
2382,0
2386,0
2389,0
2393,0
2394,0
2395,0
2401,0
2404,0
2406,0
2407,0
2412,0
2413,0
2417,0
2425,0
2430,0
2437,0
2438,0
2442,0
2448,0
2449,0
2452,0
2458,0
2459,0
2460,0
2463,0
2464,0
2465,0
2472,0
2477,0
2478,0
2480,0
2485,0
2487,0
2489,0
2492,0
2494,0
2495,0
2502,0
2505,0
2506,0
2507,0
2508,0
2509,0
2510,0
2514,0
2517,0
2518,0
2519,0
2525,0
2526,0
2529,0
2535,0
2539,0
2547,0
2550,0
2551,0
2552,0
2554,0
2557,0
2560,0
2564,0
2565,0
2568,0
2569,0
2570,0
2572,0
2574,0
2576,0
2582,0
2583,0
2584,0
2585,0
2586,0
2588,0
2589,0
2595,0
2596,0
2598,0
2599,0
2611,0
2612,0
2613,0
2617,0
2618,0
2619,0
2620,0
2624,0
2627,0
2628,0
2633,0
2634,0
2635,0
2639,0
2644,0
2646,0
2648,0
2654,0
2655,0
2657,0
2666,0
2667,0
2668,0
2672,0
2676,0
2678,0
2679,0
2680,0
2681,0
2682,0
2683,0
2684,0
2685,0
2686,0
2687,0
2690,0
2691,0
2692,0
2694,0
2698,0
2699,0
2708,0
2710,0
2711,0
2713,0
2714,0
2715,0
2722,0
2732,0
2735,0
2736,0
2741,0
2742,0
2743,0
2744,0
2745,0
2747,0
2748,0
2749,0
2750,0
2753,0
2754,0
2757,0
2758,0
2761,0
2767,0
2768,0
2770,0
2771,0
2773,0
2774,0
2775,0
2776,0
2777,0
2786,0
2797,0
2799,0
2800,0
2802,0
2806,0
2807,0
2810,0
2812,0
2815,0
2816,0
2817,0
2818,0
2819,0
2830,0
2832,0
2833,0
2835,0
2837,0
2838,0
2839,0
2848,0
2849,0
2851,0
2857,0
2859,0
2862,0
2864,0
2868,0
2869,0
2876,0
2880,0
2881,0
2883,0
2885,0
2886,0
2887,0
2891,0
2892,0
2895,0
2898,0
2900,0
2901,0
2902,0
2903,0
2910,0
2917,0
2919,0
2922,0
2924,0
2926,0
2930,0
2934,0
2937,0
2940,0
2948,0
2954,0
2955,0
2958,0
2959,0
2961,0
2962,0
2967,0
2969,0
2970,0
2971,0
2978,0
2980,0
2985,0
2988,0
2992,0
2993,0
2998,0
3001,0
3006,0
3011,0
3012,0
3013,0
3014,0
3016,0
3018,0
3019,0
3023,0
3027,0
3030,0
3032,0
3037,0
3038,0
3039,0
3044,0
3045,0
3047,0
3049,0
3050,0
3056,0
3058,0
3060,0
3065,0
3066,0
3067,0
3069,0
3072,0
3079,0
3081,0
3084,0
3094,0
3095,0
3097,0
3098,0
3099,0
3100,0
3101,0
3102,0
3103,0
3104,0
3105,0
3109,0
3113,0
3114,0
3115,0
3119,0
3122,0
3123,0
3125,0
3128,0
3130,0
3133,0
3135,0
3136,0
3140,0
3142,0
3146,0
3147,0
3150,0
3152,0
3158,0
3159,0
3161,0
3163,0
3167,0
3170,0
3171,0
3174,0
3178,0
3182,0
3183,0
3186,0
3188,0
3190,0
3196,0
3197,0
3199,0
3202,0
3204,0
3213,0
3219,0
